{"count":1,"self":37.8695392,"total":38.6793669,"children":{"InitializeActuators":{"count":1,"self":0.0015069999999999999,"total":0.0015069999999999999,"children":null},"InitializeSensors":{"count":1,"self":0.0020053,"total":0.0020053,"children":null},"AgentSendState":{"count":23351,"self":0.0241899,"total":0.056797299999999995,"children":{"CollectObservations":{"count":4671,"self":0.0097401,"total":0.0097401,"children":null},"WriteActionMask":{"count":4671,"self":0.0031991999999999997,"total":0.0031991999999999997,"children":null},"RequestDecision":{"count":4671,"self":0.019668099999999997,"total":0.019668099999999997,"children":null}}},"DecideAction":{"count":23351,"self":0.044577599999999995,"total":0.044577599999999995,"children":null},"AgentAct":{"count":23351,"self":0.7049392,"total":0.7049392,"children":null}},"gauges":{"CarAgent.CumulativeReward":{"count":1,"max":-155.074829,"min":-155.074829,"runningAverage":-155.074829,"value":-155.074829,"weightedAverage":-155.074829}},"metadata":{"timer_format_version":"0.1.0","start_time_seconds":"1702543370","unity_version":"2021.3.16f1","command_line_arguments":"C:\\Program Files\\Unity\\Hub\\Editor\\2021.3.16f1\\Editor\\Unity.exe -projectpath D:\\Racing -useHub -hubIPC -cloudEnvironment production","communication_protocol_version":"1.5.0","com.unity.ml-agents_version":"2.3.0-exp.3","scene_name":"SingleMode","end_time_seconds":"1702543409"}}