{
    "name": "root",
    "gauges": {
        "CarAgent.Policy.Entropy.mean": {
            "value": 1.307586908340454,
            "min": 1.2315040826797485,
            "max": 1.4358906745910645,
            "count": 6
        },
        "CarAgent.Policy.Entropy.sum": {
            "value": 1307.5869140625,
            "min": 1232.735595703125,
            "max": 2871.78125,
            "count": 6
        },
        "CarAgent.Environment.EpisodeLength.mean": {
            "value": 999.0,
            "min": 999.0,
            "max": 999.5,
            "count": 6
        },
        "CarAgent.Environment.EpisodeLength.sum": {
            "value": 999.0,
            "min": 999.0,
            "max": 1999.0,
            "count": 6
        },
        "CarAgent.Step.mean": {
            "value": 6001.0,
            "min": 1000.0,
            "max": 6001.0,
            "count": 6
        },
        "CarAgent.Step.sum": {
            "value": 6001.0,
            "min": 1000.0,
            "max": 6001.0,
            "count": 6
        },
        "CarAgent.Policy.ExtrinsicValue.mean": {
            "value": 1.6912912130355835,
            "min": 0.012449926696717739,
            "max": 1.6912912130355835,
            "count": 6
        },
        "CarAgent.Policy.ExtrinsicValue.sum": {
            "value": 1.6912912130355835,
            "min": 0.012449926696717739,
            "max": 1.6912912130355835,
            "count": 6
        },
        "CarAgent.Environment.CumulativeReward.mean": {
            "value": 50.00000762939453,
            "min": 50.00000457465649,
            "max": 50.00000762939453,
            "count": 6
        },
        "CarAgent.Environment.CumulativeReward.sum": {
            "value": 50.00000762939453,
            "min": 50.00000457465649,
            "max": 50.00000762939453,
            "count": 6
        },
        "CarAgent.Policy.ExtrinsicReward.mean": {
            "value": 50.00000762939453,
            "min": 50.00000457465649,
            "max": 50.00000762939453,
            "count": 6
        },
        "CarAgent.Policy.ExtrinsicReward.sum": {
            "value": 50.00000762939453,
            "min": 50.00000457465649,
            "max": 50.00000762939453,
            "count": 6
        },
        "CarAgent.Losses.PolicyLoss.mean": {
            "value": -1.632717049356749,
            "min": -1.632717049356749,
            "max": -0.7040991256742722,
            "count": 6
        },
        "CarAgent.Losses.PolicyLoss.sum": {
            "value": -163.2717049356749,
            "min": -163.2717049356749,
            "max": -69.70581344175295,
            "count": 6
        },
        "CarAgent.Losses.ValueLoss.mean": {
            "value": 0.0030715692772978554,
            "min": 0.0030715692772978554,
            "max": 0.1936614485534038,
            "count": 6
        },
        "CarAgent.Losses.ValueLoss.sum": {
            "value": 0.30715692772978553,
            "min": 0.30715692772978553,
            "max": 19.172483406786977,
            "count": 6
        },
        "CarAgent.Losses.Q1Loss.mean": {
            "value": 0.0005728449595338061,
            "min": 0.0005174404077778307,
            "max": 0.019015655084066732,
            "count": 6
        },
        "CarAgent.Losses.Q1Loss.sum": {
            "value": 0.05728449595338061,
            "min": 0.05174404077778307,
            "max": 1.9015655084066734,
            "count": 6
        },
        "CarAgent.Losses.Q2Loss.mean": {
            "value": 0.0006510044947471517,
            "min": 0.0006510044947471517,
            "max": 0.04247568138626308,
            "count": 6
        },
        "CarAgent.Losses.Q2Loss.sum": {
            "value": 0.06510044947471517,
            "min": 0.06510044947471517,
            "max": 4.247568138626308,
            "count": 6
        },
        "CarAgent.Policy.ContinuousEntropyCoeff.mean": {
            "value": 0.4269337603508205,
            "min": 0.4269337603508205,
            "max": 0.4961995540120777,
            "count": 6
        },
        "CarAgent.Policy.ContinuousEntropyCoeff.sum": {
            "value": 42.693376035082046,
            "min": 42.693376035082046,
            "max": 49.123755847195696,
            "count": 6
        },
        "CarAgent.Policy.LearningRate.mean": {
            "value": 0.0003000000000000001,
            "min": 0.00030000000000000003,
            "max": 0.0003000000000000001,
            "count": 6
        },
        "CarAgent.Policy.LearningRate.sum": {
            "value": 0.030000000000000006,
            "min": 0.029700000000000004,
            "max": 0.030300000000000007,
            "count": 6
        },
        "CarAgent.IsTraining.mean": {
            "value": 1.0,
            "min": 1.0,
            "max": 1.0,
            "count": 6
        },
        "CarAgent.IsTraining.sum": {
            "value": 1.0,
            "min": 1.0,
            "max": 1.0,
            "count": 6
        }
    },
    "metadata": {
        "timer_format_version": "0.1.0",
        "start_time_seconds": "1698858023",
        "python_version": "3.9.11 (tags/v3.9.11:2de452f, Mar 16 2022, 14:33:45) [MSC v.1929 64 bit (AMD64)]",
        "command_line_arguments": "C:\\Users\\rlawl\\AppData\\Local\\Programs\\Python\\Python39\\Scripts\\mlagents-learn CarAgents.yaml --run-id=CarAgent-1",
        "mlagents_version": "0.30.0",
        "mlagents_envs_version": "0.30.0",
        "communication_protocol_version": "1.5.0",
        "pytorch_version": "1.7.1+cu110",
        "numpy_version": "1.21.2",
        "end_time_seconds": "1698858319"
    },
    "total": 296.51738020000005,
    "count": 1,
    "self": 0.004782900000009249,
    "children": {
        "run_training.setup": {
            "total": 0.11896149999999994,
            "count": 1,
            "self": 0.11896149999999994
        },
        "TrainerController.start_learning": {
            "total": 296.3936358,
            "count": 1,
            "self": 0.11193469999903982,
            "children": {
                "TrainerController._reset_env": {
                    "total": 7.2986685,
                    "count": 1,
                    "self": 7.2986685
                },
                "TrainerController.advance": {
                    "total": 288.89901580000094,
                    "count": 7007,
                    "self": 0.09196879999956309,
                    "children": {
                        "env_step": {
                            "total": 271.6595558000002,
                            "count": 7007,
                            "self": 257.20250859999936,
                            "children": {
                                "SubprocessEnvManager._take_step": {
                                    "total": 14.387282900000697,
                                    "count": 7008,
                                    "self": 0.3372152000001094,
                                    "children": {
                                        "TorchPolicy.evaluate": {
                                            "total": 14.050067700000588,
                                            "count": 7002,
                                            "self": 14.050067700000588
                                        }
                                    }
                                },
                                "workers": {
                                    "total": 0.06976430000011824,
                                    "count": 7006,
                                    "self": 0.0,
                                    "children": {
                                        "worker_root": {
                                            "total": 148.61430909999996,
                                            "count": 7006,
                                            "is_parallel": true,
                                            "self": 38.11671720000021,